{
  "/Users/hadinouri/Downloads/test/icon.png": {
    "hash": "fc302a702584d9133a1ea4d6f216f63d4e6cb5e388fbef877deaebae455630ff",
    "size": 31936,
    "mtime": 1758581315.3093398
  },
  "/Users/hadinouri/Downloads/test/test_public.pem": {
    "hash": "fa5f02bb0e59ae6214dac5a1b364ebb75c7edab7881e991b9d0976cba19653e6",
    "size": 811,
    "mtime": 1760780585.160702
  }
}